"0","fit = rstan::stan(file = 'simple_model.stan',data = input_data, chains = 4)"
"1","In file included from file436258bc594.cpp:8:
"
"1","In file included from /Library/Frameworks/R.framework/Versions/3.5/Resources/library/StanHeaders/include/src/stan/model/model_header.hpp:4:
"
"1","In file included from /Library/Frameworks/R.framework/Versions/3.5/Resources/library/StanHeaders/include/stan/math.hpp:4:
"
"1","In file included from /Library/Frameworks/R.framework/Versions/3.5/Resources/library/StanHeaders/include/stan/math/rev/mat.hpp:4:
"
"1","In file included from /Library/Frameworks/R.framework/Versions/3.5/Resources/library/StanHeaders/include/stan/math/rev/core.hpp:12:
"
"1","In file included from /Library/Frameworks/R.framework/Versions/3.5/Resources/library/StanHeaders/include/stan/math/rev/core/gevv_vvv_vari.hpp:5:
"
"1","In file included from /Library/Frameworks/R.framework/Versions/3.5/Resources/library/StanHeaders/include/stan/math/rev/core/var.hpp:7:
"
"1","In file included from /Library/Frameworks/R.framework/Versions/3.5/Resources/library/BH/include/boost/math/tools/config.hpp:13:
"
"1","In file included from /Library/Frameworks/R.framework/Versions/3.5/Resources/library/BH/include/boost/config.hpp:39:
"
"1","/Library/Frameworks/R.framework/Versions/3.5/Resources/library/BH/include/boost/config/compiler/clang.hpp:200:11: warning: 'BOOST_NO_CXX11_RVALUE_REFERENCES' macro redefined [-Wmacro-redefined]
"
"1","#  define BOOST_NO_CXX11_RVALUE_REFERENCES
"
"1","          ^
"
"1","<command line>:6:9: note: previous definition is here
"
"1","#define BOOST_NO_CXX11_RVALUE_REFERENCES 1
"
"1","        ^
"
"1","In file included from file436258bc594.cpp:8:
"
"1","In file included from /Library/Frameworks/R.framework/Versions/3.5/Resources/library/StanHeaders/include/src/stan/model/model_header.hpp:4:
"
"1","In file included from /Library/Frameworks/R.framework/Versions/3.5/Resources/library/StanHeaders/include/stan/math.hpp:4:
"
"1","In file included from /Library/Frameworks/R.framework/Versions/3.5/Resources/library/StanHeaders/include/stan/math/rev/mat.hpp:4:
"
"1","In file included from /Library/Frameworks/R.framework/Versions/3.5/Resources/library/StanHeaders/include/stan/math/rev/core.hpp:14:
"
"1","In file included from /Library/Frameworks/R.framework/Versions/3.5/Resources/library/StanHeaders/include/stan/math/rev/core/matrix_vari.hpp:4:
"
"1","In file included from /Library/Frameworks/R.framework/Versions/3.5/Resources/library/StanHeaders/include/stan/math/rev/mat/fun/Eigen_NumTraits.hpp:4:
"
"1","In file included from /Library/Frameworks/R.framework/Versions/3.5/Resources/library/StanHeaders/include/stan/math/prim/mat/fun/Eigen.hpp:4:
"
"1","In file included from /Library/Frameworks/R.framework/Versions/3.5/Resources/library/RcppEigen/include/Eigen/Dense:1:
"
"1","In file included from /Library/Frameworks/R.framework/Versions/3.5/Resources/library/RcppEigen/include/Eigen/Core:531:
"
"1","/Library/Frameworks/R.framework/Versions/3.5/Resources/library/RcppEigen/include/Eigen/src/Core/util/ReenableStupidWarnings.h:10:30: warning: pragma diagnostic pop could not pop, no matching push [-Wunknown-pragmas]
"
"1","    #pragma clang diagnostic pop
"
"1","                             ^
"
"1","In file included from file436258bc594.cpp:8:
"
"1","In file included from /Library/Frameworks/R.framework/Versions/3.5/Resources/library/StanHeaders/include/src/stan/model/model_header.hpp:4:
"
"1","In file included from /Library/Frameworks/R.framework/Versions/3.5/Resources/library/StanHeaders/include/stan/math.hpp:4:
"
"1","In file included from /Library/Frameworks/R.framework/Versions/3.5/Resources/library/StanHeaders/include/stan/math/rev/mat.hpp:4:
"
"1","In file included from /Library/Frameworks/R.framework/Versions/3.5/Resources/library/StanHeaders/include/stan/math/rev/core.hpp:14:
"
"1","In file included from /Library/Frameworks/R.framework/Versions/3.5/Resources/library/StanHeaders/include/stan/math/rev/core/matrix_vari.hpp:4:
"
"1","In file included from /Library/Frameworks/R.framework/Versions/3.5/Resources/library/StanHeaders/include/stan/math/rev/mat/fun/Eigen_NumTraits.hpp:4:
"
"1","In file included from /Library/Frameworks/R.framework/Versions/3.5/Resources/library/StanHeaders/include/stan/math/prim/mat/fun/Eigen.hpp:4:
"
"1","In file included from /Library/Frameworks/R.framework/Versions/3.5/Resources/library/RcppEigen/include/Eigen/Dense:2:
"
"1","In file included from /Library/Frameworks/R.framework/Versions/3.5/Resources/library/RcppEigen/include/Eigen/LU:47:
"
"1","/Library/Frameworks/R.framework/Versions/3.5/Resources/library/RcppEigen/include/Eigen/src/Core/util/ReenableStupidWarnings.h:10:30: warning: pragma diagnostic pop could not pop, no matching push [-Wunknown-pragmas]
"
"1","    #pragma clang diagnostic pop
"
"1","                             ^
"
"1","In file included from file436258bc594.cpp:8:
"
"1","In file included from /Library/Frameworks/R.framework/Versions/3.5/Resources/library/StanHeaders/include/src/stan/model/model_header.hpp:4:
"
"1","In file included from /Library/Frameworks/R.framework/Versions/3.5/Resources/library/StanHeaders/include/stan/math.hpp:4:
"
"1","In file included from /Library/Frameworks/R.framework/Versions/3.5/Resources/library/StanHeaders/include/stan/math/rev/mat.hpp:4:
"
"1","In file included from /Library/Frameworks/R.framework/Versions/3.5/Resources/library/StanHeaders/include/stan/math/rev/core.hpp:14:
"
"1","In file included from /Library/Frameworks/R.framework/Versions/3.5/Resources/library/StanHeaders/include/stan/math/rev/core/matrix_vari.hpp:4:
"
"1","In file included from /Library/Frameworks/R.framework/Versions/3.5/Resources/library/StanHeaders/include/stan/math/rev/mat/fun/Eigen_NumTraits.hpp:4:
"
"1","In file included from /Library/Frameworks/R.framework/Versions/3.5/Resources/library/StanHeaders/include/stan/math/prim/mat/fun/Eigen.hpp:4:
"
"1","In file included from /Library/Frameworks/R.framework/Versions/3.5/Resources/library/RcppEigen/include/Eigen/Dense:3:
"
"1","In file included from /Library/Frameworks/R.framework/Versions/3.5/Resources/library/RcppEigen/include/Eigen/Cholesky:12:
"
"1","In file included from /Library/Frameworks/R.framework/Versions/3.5/Resources/library/RcppEigen/include/Eigen/Jacobi:29:
"
"1","/Library/Frameworks/R.framework/Versions/3.5/Resources/library/RcppEigen/include/Eigen/src/Core/util/ReenableStupidWarnings.h:10:30: warning: pragma diagnostic pop could not pop, no matching push [-Wunknown-pragmas]
"
"1","    #pragma clang diagnostic pop
"
"1","                             ^
"
"1","In file included from file436258bc594.cpp:8:
"
"1","In file included from /Library/Frameworks/R.framework/Versions/3.5/Resources/library/StanHeaders/include/src/stan/model/model_header.hpp:4:
"
"1","In file included from /Library/Frameworks/R.framework/Versions/3.5/Resources/library/StanHeaders/include/stan/math.hpp:4:
"
"1","In file included from /Library/Frameworks/R.framework/Versions/3.5/Resources/library/StanHeaders/include/stan/math/rev/mat.hpp:4:
"
"1","In file included from /Library/Frameworks/R.framework/Versions/3.5/Resources/library/StanHeaders/include/stan/math/rev/core.hpp:14:
"
"1","In file included from /Library/Frameworks/R.framework/Versions/3.5/Resources/library/StanHeaders/include/stan/math/rev/core/matrix_vari.hpp:4:
"
"1","In file included from /Library/Frameworks/R.framework/Versions/3.5/Resources/library/StanHeaders/include/stan/math/rev/mat/fun/Eigen_NumTraits.hpp:4:
"
"1","In file included from /Library/Frameworks/R.framework/Versions/3.5/Resources/library/StanHeaders/include/stan/math/prim/mat/fun/Eigen.hpp:4:
"
"1","In file included from /Library/Frameworks/R.framework/Versions/3.5/Resources/library/RcppEigen/include/Eigen/Dense:3:
"
"1","In file included from /Library/Frameworks/R.framework/Versions/3.5/Resources/library/RcppEigen/include/Eigen/Cholesky:43:
"
"1","/Library/Frameworks/R.framework/Versions/3.5/Resources/library/RcppEigen/include/Eigen/src/Core/util/ReenableStupidWarnings.h:10:30: warning: pragma diagnostic pop could not pop, no matching push [-Wunknown-pragmas]
"
"1","    #pragma clang diagnostic pop
"
"1","                             ^
"
"1","In file included from file436258bc594.cpp:8:
"
"1","In file included from /Library/Frameworks/R.framework/Versions/3.5/Resources/library/StanHeaders/include/src/stan/model/model_header.hpp:4:
"
"1","In file included from /Library/Frameworks/R.framework/Versions/3.5/Resources/library/StanHeaders/include/stan/math.hpp:4:
"
"1","In file included from /Library/Frameworks/R.framework/Versions/3.5/Resources/library/StanHeaders/include/stan/math/rev/mat.hpp:4:
"
"1","In file included from /Library/Frameworks/R.framework/Versions/3.5/Resources/library/StanHeaders/include/stan/math/rev/core.hpp:14:
"
"1","In file included from /Library/Frameworks/R.framework/Versions/3.5/Resources/library/StanHeaders/include/stan/math/rev/core/matrix_vari.hpp:4:
"
"1","In file included from /Library/Frameworks/R.framework/Versions/3.5/Resources/library/StanHeaders/include/stan/math/rev/mat/fun/Eigen_NumTraits.hpp:4:
"
"1","In file included from /Library/Frameworks/R.framework/Versions/3.5/Resources/library/StanHeaders/include/stan/math/prim/mat/fun/Eigen.hpp:4:
"
"1","In file included from /Library/Frameworks/R.framework/Versions/3.5/Resources/library/RcppEigen/include/Eigen/Dense:4:
"
"1","In file included from /Library/Frameworks/R.framework/Versions/3.5/Resources/library/RcppEigen/include/Eigen/QR:17:
"
"1","In file included from /Library/Frameworks/R.framework/Versions/3.5/Resources/library/RcppEigen/include/Eigen/Householder:27:
"
"1","/Library/Frameworks/R.framework/Versions/3.5/Resources/library/RcppEigen/include/Eigen/src/Core/util/ReenableStupidWarnings.h:10:30: warning: pragma diagnostic pop could not pop, no matching push [-Wunknown-pragmas]
"
"1","    #pragma clang diagnostic pop
"
"1","                             ^
"
"1","In file included from file436258bc594.cpp:8:
"
"1","In file included from /Library/Frameworks/R.framework/Versions/3.5/Resources/library/StanHeaders/include/src/stan/model/model_header.hpp:4:
"
"1","In file included from /Library/Frameworks/R.framework/Versions/3.5/Resources/library/StanHeaders/include/stan/math.hpp:4:
"
"1","In file included from /Library/Frameworks/R.framework/Versions/3.5/Resources/library/StanHeaders/include/stan/math/rev/mat.hpp:4:
"
"1","In file included from /Library/Frameworks/R.framework/Versions/3.5/Resources/library/StanHeaders/include/stan/math/rev/core.hpp:14:
"
"1","In file included from /Library/Frameworks/R.framework/Versions/3.5/Resources/library/StanHeaders/include/stan/math/rev/core/matrix_vari.hpp:4:
"
"1","In file included from /Library/Frameworks/R.framework/Versions/3.5/Resources/library/StanHeaders/include/stan/math/rev/mat/fun/Eigen_NumTraits.hpp:4:
"
"1","In file included from /Library/Frameworks/R.framework/Versions/3.5/Resources/library/StanHeaders/include/stan/math/prim/mat/fun/Eigen.hpp:4:
"
"1","In file included from /Library/Frameworks/R.framework/Versions/3.5/Resources/library/RcppEigen/include/Eigen/Dense:5:
"
"1","In file included from /Library/Frameworks/R.framework/Versions/3.5/Resources/library/RcppEigen/include/Eigen/SVD:48:
"
"1","/Library/Frameworks/R.framework/Versions/3.5/Resources/library/RcppEigen/include/Eigen/src/Core/util/ReenableStupidWarnings.h:10:30: warning: pragma diagnostic pop could not pop, no matching push [-Wunknown-pragmas]
"
"1","    #pragma clang diagnostic pop
"
"1","                             ^
"
"1","In file included from file436258bc594.cpp:8:
"
"1","In file included from /Library/Frameworks/R.framework/Versions/3.5/Resources/library/StanHeaders/include/src/stan/model/model_header.hpp:4:
"
"1","In file included from /Library/Frameworks/R.framework/Versions/3.5/Resources/library/StanHeaders/include/stan/math.hpp:4:
"
"1","In file included from /Library/Frameworks/R.framework/Versions/3.5/Resources/library/StanHeaders/include/stan/math/rev/mat.hpp:4:
"
"1","In file included from /Library/Frameworks/R.framework/Versions/3.5/Resources/library/StanHeaders/include/stan/math/rev/core.hpp:14:
"
"1","In file included from /Library/Frameworks/R.framework/Versions/3.5/Resources/library/StanHeaders/include/stan/math/rev/core/matrix_vari.hpp:4:
"
"1","In file included from /Library/Frameworks/R.framework/Versions/3.5/Resources/library/StanHeaders/include/stan/math/rev/mat/fun/Eigen_NumTraits.hpp:4:
"
"1","In file included from /Library/Frameworks/R.framework/Versions/3.5/Resources/library/StanHeaders/include/stan/math/prim/mat/fun/Eigen.hpp:4:
"
"1","In file included from /Library/Frameworks/R.framework/Versions/3.5/Resources/library/RcppEigen/include/Eigen/Dense:6:
"
"1","In file included from /Library/Frameworks/R.framework/Versions/3.5/Resources/library/RcppEigen/include/Eigen/Geometry:58:
"
"1","/Library/Frameworks/R.framework/Versions/3.5/Resources/library/RcppEigen/include/Eigen/src/Core/util/ReenableStupidWarnings.h:10:30: warning: pragma diagnostic pop could not pop, no matching push [-Wunknown-pragmas]
"
"1","    #pragma clang diagnostic pop
"
"1","                             ^
"
"1","In file included from file436258bc594.cpp:8:
"
"1","In file included from /Library/Frameworks/R.framework/Versions/3.5/Resources/library/StanHeaders/include/src/stan/model/model_header.hpp:4:
"
"1","In file included from /Library/Frameworks/R.framework/Versions/3.5/Resources/library/StanHeaders/include/stan/math.hpp:4:
"
"1","In file included from /Library/Frameworks/R.framework/Versions/3.5/Resources/library/StanHeaders/include/stan/math/rev/mat.hpp:4:
"
"1","In file included from /Library/Frameworks/R.framework/Versions/3.5/Resources/library/StanHeaders/include/stan/math/rev/core.hpp:14:
"
"1","In file included from /Library/Frameworks/R.framework/Versions/3.5/Resources/library/StanHeaders/include/stan/math/rev/core/matrix_vari.hpp:4:
"
"1","In file included from /Library/Frameworks/R.framework/Versions/3.5/Resources/library/StanHeaders/include/stan/math/rev/mat/fun/Eigen_NumTraits.hpp:4:
"
"1","In file included from /Library/Frameworks/R.framework/Versions/3.5/Resources/library/StanHeaders/include/stan/math/prim/mat/fun/Eigen.hpp:4:
"
"1","In file included from /Library/Frameworks/R.framework/Versions/3.5/Resources/library/RcppEigen/include/Eigen/Dense:7:
"
"1","In file included from /Library/Frameworks/R.framework/Versions/3.5/Resources/library/RcppEigen/include/Eigen/Eigenvalues:58:
"
"1","/Library/Frameworks/R.framework/Versions/3.5/Resources/library/RcppEigen/include/Eigen/src/Core/util/ReenableStupidWarnings.h:10:30: warning: pragma diagnostic pop could not pop, no matching push [-Wunknown-pragmas]
"
"1","    #pragma clang diagnostic pop
"
"1","                             ^
"
"1","In file included from file436258bc594.cpp:8:
"
"1","In file included from /Library/Frameworks/R.framework/Versions/3.5/Resources/library/StanHeaders/include/src/stan/model/model_header.hpp:4:
"
"1","In file included from /Library/Frameworks/R.framework/Versions/3.5/Resources/library/StanHeaders/include/stan/math.hpp:4:
"
"1","In file included from /Library/Frameworks/R.framework/Versions/3.5/Resources/library/StanHeaders/include/stan/math/rev/mat.hpp:4:
"
"1","In file included from /Library/Frameworks/R.framework/Versions/3.5/Resources/library/StanHeaders/include/stan/math/rev/core.hpp:36:
"
"1","In file included from /Library/Frameworks/R.framework/Versions/3.5/Resources/library/StanHeaders/include/stan/math/rev/core/operator_unary_plus.hpp:7:
"
"1","In file included from /Library/Frameworks/R.framework/Versions/3.5/Resources/library/StanHeaders/include/stan/math/prim/scal/fun/constants.hpp:4:
"
"1","In file included from /Library/Frameworks/R.framework/Versions/3.5/Resources/library/BH/include/boost/math/constants/constants.hpp:13:
"
"1","In file included from /Library/Frameworks/R.framework/Versions/3.5/Resources/library/BH/include/boost/math/tools/convert_from_string.hpp:15:
"
"1","In file included from /Library/Frameworks/R.framework/Versions/3.5/Resources/library/BH/include/boost/lexical_cast.hpp:32:
"
"1","In file included from /Library/Frameworks/R.framework/Versions/3.5/Resources/library/BH/include/boost/lexical_cast/try_lexical_convert.hpp:42:
"
"1","In file included from /Library/Frameworks/R.framework/Versions/3.5/Resources/library/BH/include/boost/lexical_cast/detail/converter_lexical.hpp:52:
"
"1","In file included from /Library/Frameworks/R.framework/Versions/3.5/Resources/library/BH/include/boost/container/container_fwd.hpp:61:
"
"1","/Library/Frameworks/R.framework/Versions/3.5/Resources/library/BH/include/boost/container/detail/std_fwd.hpp:27:1: warning: inline namespaces are a C++11 feature [-Wc++11-inline-namespace]
"
"1","BOOST_MOVE_STD_NS_BEG
"
"1","^
"
"1","/Library/Frameworks/R.framework/Versions/3.5/Resources/library/BH/include/boost/move/detail/std_ns_begin.hpp:18:34: note: expanded from macro 'BOOST_MOVE_STD_NS_BEG'
"
"1","   #define BOOST_MOVE_STD_NS_BEG _LIBCPP_BEGIN_NAMESPACE_STD
"
"1","                                 ^
"
"1","/Applications/Xcode.app/Contents/Developer/Toolchains/XcodeDefault.xctoolchain/usr/include/c++/v1/__config:445:52: note: expanded from macro '_LIBCPP_BEGIN_NAMESPACE_STD'
"
"1","#define _LIBCPP_BEGIN_NAMESPACE_STD namespace std {inline namespace _LIBCPP_NAMESPACE {
"
"1","                                                   ^
"
"1","In file included from file436258bc594.cpp:8:
"
"1","In file included from /Library/Frameworks/R.framework/Versions/3.5/Resources/library/StanHeaders/include/src/stan/model/model_header.hpp:4:
"
"1","In file included from /Library/Frameworks/R.framework/Versions/3.5/Resources/library/StanHeaders/include/stan/math.hpp:4:
"
"1","In file included from /Library/Frameworks/R.framework/Versions/3.5/Resources/library/StanHeaders/include/stan/math/rev/mat.hpp:12:
"
"1","In file included from /Library/Frameworks/R.framework/Versions/3.5/Resources/library/StanHeaders/include/stan/math/prim/mat.hpp:83:
"
"1","In file included from /Library/Frameworks/R.framework/Versions/3.5/Resources/library/StanHeaders/include/stan/math/prim/mat/fun/csr_extract_u.hpp:6:
"
"1","In file included from /Library/Frameworks/R.framework/Versions/3.5/Resources/library/RcppEigen/include/Eigen/Sparse:26:
"
"1","In file included from /Library/Frameworks/R.framework/Versions/3.5/Resources/library/RcppEigen/include/Eigen/SparseCore:66:
"
"1","/Library/Frameworks/R.framework/Versions/3.5/Resources/library/RcppEigen/include/Eigen/src/Core/util/ReenableStupidWarnings.h:10:30: warning: pragma diagnostic pop could not pop, no matching push [-Wunknown-pragmas]
"
"1","    #pragma clang diagnostic pop
"
"1","                             ^
"
"1","In file included from file436258bc594.cpp:8:
"
"1","In file included from /Library/Frameworks/R.framework/Versions/3.5/Resources/library/StanHeaders/include/src/stan/model/model_header.hpp:4:
"
"1","In file included from /Library/Frameworks/R.framework/Versions/3.5/Resources/library/StanHeaders/include/stan/math.hpp:4:
"
"1","In file included from /Library/Frameworks/R.framework/Versions/3.5/Resources/library/StanHeaders/include/stan/math/rev/mat.hpp:12:
"
"1","In file included from /Library/Frameworks/R.framework/Versions/3.5/Resources/library/StanHeaders/include/stan/math/prim/mat.hpp:83:
"
"1","In file included from /Library/Frameworks/R.framework/Versions/3.5/Resources/library/StanHeaders/include/stan/math/prim/mat/fun/csr_extract_u.hpp:6:
"
"1","In file included from /Library/Frameworks/R.framework/Versions/3.5/Resources/library/RcppEigen/include/Eigen/Sparse:27:
"
"1","In file included from /Library/Frameworks/R.framework/Versions/3.5/Resources/library/RcppEigen/include/Eigen/OrderingMethods:71:
"
"1","/Library/Frameworks/R.framework/Versions/3.5/Resources/library/RcppEigen/include/Eigen/src/Core/util/ReenableStupidWarnings.h:10:30: warning: pragma diagnostic pop could not pop, no matching push [-Wunknown-pragmas]
"
"1","    #pragma clang diagnostic pop
"
"1","                             ^
"
"1","In file included from file436258bc594.cpp:8:
"
"1","In file included from /Library/Frameworks/R.framework/Versions/3.5/Resources/library/StanHeaders/include/src/stan/model/model_header.hpp:4:
"
"1","In file included from /Library/Frameworks/R.framework/Versions/3.5/Resources/library/StanHeaders/include/stan/math.hpp:4:
"
"1","In file included from /Library/Frameworks/R.framework/Versions/3.5/Resources/library/StanHeaders/include/stan/math/rev/mat.hpp:12:
"
"1","In file included from /Library/Frameworks/R.framework/Versions/3.5/Resources/library/StanHeaders/include/stan/math/prim/mat.hpp:83:
"
"1","In file included from /Library/Frameworks/R.framework/Versions/3.5/Resources/library/StanHeaders/include/stan/math/prim/mat/fun/csr_extract_u.hpp:6:
"
"1","In file included from /Library/Frameworks/R.framework/Versions/3.5/Resources/library/RcppEigen/include/Eigen/Sparse:29:
"
"1","In file included from /Library/Frameworks/R.framework/Versions/3.5/Resources/library/RcppEigen/include/Eigen/SparseCholesky:43:
"
"1","/Library/Frameworks/R.framework/Versions/3.5/Resources/library/RcppEigen/include/Eigen/src/Core/util/ReenableStupidWarnings.h:10:30: warning: pragma diagnostic pop could not pop, no matching push [-Wunknown-pragmas]
"
"1","    #pragma clang diagnostic pop
"
"1","                             ^
"
"1","In file included from file436258bc594.cpp:8:
"
"1","In file included from /Library/Frameworks/R.framework/Versions/3.5/Resources/library/StanHeaders/include/src/stan/model/model_header.hpp:4:
"
"1","In file included from /Library/Frameworks/R.framework/Versions/3.5/Resources/library/StanHeaders/include/stan/math.hpp:4:
"
"1","In file included from /Library/Frameworks/R.framework/Versions/3.5/Resources/library/StanHeaders/include/stan/math/rev/mat.hpp:12:
"
"1","In file included from /Library/Frameworks/R.framework/Versions/3.5/Resources/library/StanHeaders/include/stan/math/prim/mat.hpp:83:
"
"1","In file included from /Library/Frameworks/R.framework/Versions/3.5/Resources/library/StanHeaders/include/stan/math/prim/mat/fun/csr_extract_u.hpp:6:
"
"1","In file included from /Library/Frameworks/R.framework/Versions/3.5/Resources/library/RcppEigen/include/Eigen/Sparse:32:
"
"1","In file included from /Library/Frameworks/R.framework/Versions/3.5/Resources/library/RcppEigen/include/Eigen/SparseQR:35:
"
"1","/Library/Frameworks/R.framework/Versions/3.5/Resources/library/RcppEigen/include/Eigen/src/Core/util/ReenableStupidWarnings.h:10:30: warning: pragma diagnostic pop could not pop, no matching push [-Wunknown-pragmas]
"
"1","    #pragma clang diagnostic pop
"
"1","                             ^
"
"1","In file included from file436258bc594.cpp:8:
"
"1","In file included from /Library/Frameworks/R.framework/Versions/3.5/Resources/library/StanHeaders/include/src/stan/model/model_header.hpp:4:
"
"1","In file included from /Library/Frameworks/R.framework/Versions/3.5/Resources/library/StanHeaders/include/stan/math.hpp:4:
"
"1","In file included from /Library/Frameworks/R.framework/Versions/3.5/Resources/library/StanHeaders/include/stan/math/rev/mat.hpp:12:
"
"1","In file included from /Library/Frameworks/R.framework/Versions/3.5/Resources/library/StanHeaders/include/stan/math/prim/mat.hpp:83:
"
"1","In file included from /Library/Frameworks/R.framework/Versions/3.5/Resources/library/StanHeaders/include/stan/math/prim/mat/fun/csr_extract_u.hpp:6:
"
"1","In file included from /Library/Frameworks/R.framework/Versions/3.5/Resources/library/RcppEigen/include/Eigen/Sparse:33:
"
"1","In file included from /Library/Frameworks/R.framework/Versions/3.5/Resources/library/RcppEigen/include/Eigen/IterativeLinearSolvers:46:
"
"1","/Library/Frameworks/R.framework/Versions/3.5/Resources/library/RcppEigen/include/Eigen/src/Core/util/ReenableStupidWarnings.h:10:30: warning: pragma diagnostic pop could not pop, no matching push [-Wunknown-pragmas]
"
"1","    #pragma clang diagnostic pop
"
"1","                             ^
"
"1","In file included from file436258bc594.cpp:712:
"
"1","In file included from /Library/Frameworks/R.framework/Versions/3.5/Resources/library/rstan/include/rstan/rstaninc.hpp:3:
"
"1","In file included from /Library/Frameworks/R.framework/Versions/3.5/Resources/library/rstan/include/rstan/stan_fit.hpp:36:
"
"1","In file included from /Library/Frameworks/R.framework/Versions/3.5/Resources/library/StanHeaders/include/src/stan/services/optimize/bfgs.hpp:11:
"
"1","In file included from /Library/Frameworks/R.framework/Versions/3.5/Resources/library/StanHeaders/include/src/stan/optimization/bfgs.hpp:9:
"
"1","In file included from /Library/Frameworks/R.framework/Versions/3.5/Resources/library/StanHeaders/include/src/stan/optimization/lbfgs_update.hpp:6:
"
"1","In file included from /Library/Frameworks/R.framework/Versions/3.5/Resources/library/BH/include/boost/circular_buffer.hpp:54:
"
"1","In file included from /Library/Frameworks/R.framework/Versions/3.5/Resources/library/BH/include/boost/circular_buffer/details.hpp:20:
"
"1","In file included from /Library/Frameworks/R.framework/Versions/3.5/Resources/library/BH/include/boost/move/move.hpp:30:
"
"1","In file included from /Library/Frameworks/R.framework/Versions/3.5/Resources/library/BH/include/boost/move/iterator.hpp:27:
"
"1","/Library/Frameworks/R.framework/Versions/3.5/Resources/library/BH/include/boost/move/detail/iterator_traits.hpp:29:1: warning: inline namespaces are a C++11 feature [-Wc++11-inline-namespace]
"
"1","BOOST_MOVE_STD_NS_BEG
"
"1","^
"
"1","/Library/Frameworks/R.framework/Versions/3.5/Resources/library/BH/include/boost/move/detail/std_ns_begin.hpp:18:34: note: expanded from macro 'BOOST_MOVE_STD_NS_BEG'
"
"1","   #define BOOST_MOVE_STD_NS_BEG _LIBCPP_BEGIN_NAMESPACE_STD
"
"1","                                 ^
"
"1","/Applications/Xcode.app/Contents/Developer/Toolchains/XcodeDefault.xctoolchain/usr/include/c++/v1/__config:445:52: note: expanded from macro '_LIBCPP_BEGIN_NAMESPACE_STD'
"
"1","#define _LIBCPP_BEGIN_NAMESPACE_STD namespace std {inline namespace _LIBCPP_NAMESPACE {
"
"1","                                                   ^
"
"1","In file included from file436258bc594.cpp:8:
"
"1","In file included from /Library/Frameworks/R.framework/Versions/3.5/Resources/library/StanHeaders/include/src/stan/model/model_header.hpp:4:
"
"1","In file included from /Library/Frameworks/R.framework/Versions/3.5/Resources/library/StanHeaders/include/stan/math.hpp:4:
"
"1","In file included from /Library/Frameworks/R.framework/Versions/3.5/Resources/library/StanHeaders/include/stan/math/rev/mat.hpp:4:
"
"1","In file included from /Library/Frameworks/R.framework/Versions/3.5/Resources/library/StanHeaders/include/stan/math/rev/core.hpp:44:
"
"1","/Library/Frameworks/R.framework/Versions/3.5/Resources/library/StanHeaders/include/stan/math/rev/core/set_zero_all_adjoints.hpp:14:17: warning: unused function 'set_zero_all_adjoints' [-Wunused-function]
"
"1","    static void set_zero_all_adjoints() {
"
"1","                ^
"
"1","In file included from file436258bc594.cpp:8:
"
"1","In file included from /Library/Frameworks/R.framework/Versions/3.5/Resources/library/StanHeaders/include/src/stan/model/model_header.hpp:4:
"
"1","In file included from /Library/Frameworks/R.framework/Versions/3.5/Resources/library/StanHeaders/include/stan/math.hpp:4:
"
"1","In file included from /Library/Frameworks/R.framework/Versions/3.5/Resources/library/StanHeaders/include/stan/math/rev/mat.hpp:12:
"
"1","In file included from /Library/Frameworks/R.framework/Versions/3.5/Resources/library/StanHeaders/include/stan/math/prim/mat.hpp:58:
"
"1","/Library/Frameworks/R.framework/Versions/3.5/Resources/library/StanHeaders/include/stan/math/prim/mat/fun/autocorrelation.hpp:17:14: warning: function 'fft_next_good_size' is not needed and will not be emitted [-Wunneeded-internal-declaration]
"
"1","      size_t fft_next_good_size(size_t N) {
"
"1","             ^
"
"1","18 warnings generated.
"
"1","starting worker pid=1788 on localhost:11760 at 20:07:31.670
"
"1","starting worker pid=1798 on localhost:11760 at 20:07:31.853
"
"1","starting worker pid=1808 on localhost:11760 at 20:07:32.033
"
"1","starting worker pid=1818 on localhost:11760 at 20:07:32.222
"
"1","
SAMPLING FOR MODEL 'simple_model' NOW (CHAIN 1).
"
"1","
Gradient evaluation took 0.001032 seconds
1000 transitions using 10 leapfrog steps per transition would take 10.32 seconds.
Adjust your expectations accordingly!


"
"1","Iteration:    1 / 2000 [  0%]  (Warmup)
"
"1","
SAMPLING FOR MODEL 'simple_model' NOW (CHAIN 2).
"
"1","
Gradient evaluation took 0.001123 seconds
1000 transitions using 10 leapfrog steps per transition would take 11.23 seconds.
Adjust your expectations accordingly!


"
"1","Iteration:    1 / 2000 [  0%]  (Warmup)
"
"1","
SAMPLING FOR MODEL 'simple_model' NOW (CHAIN 3).
"
"1","Rejecting initial value:
  Error evaluating the log probability at the initial value.
Exception: lognormal_lpdf: Location parameter is nan, but must be finite!  (in 'model4362a73ff82_simple_model' at line 72)

"
"1","
Gradient evaluation took 0.00144 seconds
1000 transitions using 10 leapfrog steps per transition would take 14.4 seconds.
Adjust your expectations accordingly!


"
"1","Iteration:    1 / 2000 [  0%]  (Warmup)
"
"1","
SAMPLING FOR MODEL 'simple_model' NOW (CHAIN "
"1","4).
"
"1","
Gradient evaluation took 0.00118 seconds
1000 transitions using 10 leapfrog steps per transition would take 11.8 seconds.
Adjust your expectations accordingly!


"
"1","Iteration:    1 / 2000 [  0%]  (Warmup)
"
"1","Iteration:  200 / 2000 [ 10%]  (Warmup)
"
"1","Iteration:  400 / 2000 [ 20%]  (Warmup)
"
"1","Iteration:  200 / 2000 [ 10%]  (Warmup)
"
"1","Iteration:  200 / 2000 [ 10%]  (Warmup)
"
"1","Iteration:  200 / 2000 [ 10%]  (Warmup)
"
"1","Iteration:  600 / 2000 [ 30%]  (Warmup)"
"1","
"
"1","Iteration:  400 / 2000 [ 20%]  (Warmup)
"
"1","Iteration:  400 / 2000 [ 20%]  (Warmup)"
"1","
"
"1","Iteration:  400 / 2000 [ 20%]  (Warmup)"
"1","
"
"1","Iteration:  800 / 2000 [ 40%]  (Warmup)
"
"1","Iteration:  600 / 2000 [ 30%]  (Warmup)
"
"1","Iteration:  600 / 2000 [ 30%]  (Warmup)
"
"1","Iteration:  600 / 2000 [ 30%]  (Warmup)"
"1","
"
"1","Iteration: 1000 / 2000 [ 50%]  (Warmup)"
"1","
"
"1","Iteration: 1001 / 2000 [ 50%]  (Sampling)
"
"1","Iteration:  800 / 2000 [ 40%]  (Warmup)
"
"1","Iteration:  800 / 2000 [ 40%]  (Warmup)
"
"1","Iteration:  800 / 2000 [ 40%]  (Warmup)"
"1","
"
"1","Iteration: 1200 / 2000 [ 60%]  (Sampling)
"
"1","Iteration: 1000 / 2000 [ 50%]  (Warmup)
"
"1","Iteration: 1001 / 2000 [ 50%]  (Sampling)
"
"1","Iteration: 1000 / 2000 [ 50%]  (Warmup)"
"1","
"
"1","Iteration: 1001 / 2000 [ 50%]  (Sampling)"
"1","
"
"1","Iteration: 1000 / 2000 [ 50%]  (Warmup)"
"1","
"
"1","Iteration: 1001 / 2000 [ 50%]  (Sampling)
"
"1","Iteration: 1400 / 2000 [ 70%]  (Sampling)"
"1","
"
"1","Iteration: 1200 / 2000 [ 60%]  (Sampling)
"
"1","Iteration: 1200 / 2000 [ 60%]  (Sampling)"
"1","
"
"1","Iteration: 1200 / 2000 [ 60%]  (Sampling)
"
"1","Iteration: 1600 / 2000 [ 80%]  (Sampling)
"
"1","Iteration: 1400 / 2000 [ 70%]  (Sampling)"
"1","
"
"1","Iteration: 1400 / 2000 [ 70%]  (Sampling)"
"1","
"
"1","Iteration: 1400 / 2000 [ 70%]  (Sampling)
"
"1","Iteration: 1800 / 2000 [ 90%]  (Sampling)
"
"1","Iteration: 1600 / 2000 [ 80%]  (Sampling)
"
"1","Iteration: 1600 / 2000 [ 80%]  (Sampling)
"
"1","Iteration: 1600 / 2000 [ 80%]  (Sampling)
"
"1","Iteration: 2000 / 2000 [100%]  (Sampling)
"
"1","
 Elapsed Time: 9.24198 seconds (Warm-up)
               7.53208 seconds (Sampling)"
"1","
"
"1","               16.7741 seconds (Total)

"
"1","Iteration: 1800 / 2000 [ 90%]  (Sampling)
"
"1","Iteration: 1800 / 2000 [ 90%]  (Sampling)
"
"1","Iteration: 1800 / 2000 [ 90%]  (Sampling)"
"1","
"
"1","Iteration: 2000 / 2000 [100%]  (Sampling)
"
"1","
 Elapsed Time: 9.63395 seconds (Warm-up)
               7.72286 seconds (Sampling)"
"1","
               17.3568 seconds (Total)

"
"1","Iteration: 2000 / 2000 [100%]  (Sampling)
"
"1","
 Elapsed Time: 10.3755 seconds (Warm-up)
               7.74337 seconds (Sampling)
               18.1188 seconds (Total)

"
"1","Iteration: 2000 / 2000 [100%]  (Sampling)
"
"1","
"
"1"," Elapsed Time: 10.1029 seconds (Warm-up)
               7.55681 seconds (Sampling)
               17.6597 seconds (Total)

"
